Workbook

Sheet OK
A1: 年月 | B1: 売上 | C1: 費用 | D1: 利益
A2: 45658 | B2: 500000 | C2: 350000 | D2: 150000
A3: 45689 | B3: 400000 | C3: 350000 | D3: 50000
A4: 45717 | B4: 300000 | C4: 350000 | D4: -50000
A5: 45748 | B5: 300000 | C5: 350000 | D5: -50000
A6: 45778 | B6: 500000 | C6: 350000 | D6: 150000

Sheet NG-01
A1: 年月 | B1: 売上 | C1: 費用 | D1: 利益
A2: 45658 | B2: 500000 | C2: 350000 | D2: =B2-C2
A3: 45689 | B3: 400000 | C3: 350000 | D3: =B3-C3
A4: 45717 | B4: 300000 | C4: 350000 | D4: =B4-C4
A5: 45748 | B5: 300000 | C5: 350000 | D5: =B5-C5
A6: 45778 | B6: 500000 | C6: 350000 | D6: =B6-C6

Sheet NG-02
A1: 年 | B1: 月 | C1: 年月 | D1: 売上 | E1: 費用 | F1: 利益
A2: 2025 | B2: 1 | C2: =TEXT(DATE(A2,B2,1),"YY年MM月") | D2: 500000 | E2: 350000 | F2: 150000
A3: 2025 | B3: 2 | C3: =TEXT(DATE(A3,B3,1),"YY年MM月") | D3: 400000 | E3: 350000 | F3: 50000
A4: 2025 | B4: 3 | C4: =TEXT(DATE(A4,B4,1),"YY年MM月") | D4: 300000 | E4: 350000 | F4: -50000
A5: 2025 | B5: 4 | C5: =TEXT(DATE(A5,B5,1),"YY年MM月") | D5: 300000 | E5: 350000 | F5: -50000
A6: 2025 | B6: 5 | C6: =TEXT(DATE(A6,B6,1),"YY年MM月") | D6: 500000 | E6: 350000 | F6: 150000

Sheet NG-03
A1: No | B1: 設問1コード | C1: 設問1回答
A2: 1 | B2: 1 | C2: =VLOOKUP(B2,'NG-03_コード'!$A:$B,2,FALSE)
A3: 2 | B3: 1 | C3: =VLOOKUP(B3,'NG-03_コード'!$A:$B,2,FALSE)
A4: 3 | B4: 4 | C4: =VLOOKUP(B4,'NG-03_コード'!$A:$B,2,FALSE)
A5: 4 | B5: 1 | C5: =VLOOKUP(B5,'NG-03_コード'!$A:$B,2,FALSE)
A6: 5 | B6: 1 | C6: =VLOOKUP(B6,'NG-03_コード'!$A:$B,2,FALSE)
A7: 6 | B7: 3 | C7: =VLOOKUP(B7,'NG-03_コード'!$A:$B,2,FALSE)
A8: 7 | B8: 1 | C8: =VLOOKUP(B8,'NG-03_コード'!$A:$B,2,FALSE)
A9: 8 | B9: 2 | C9: =VLOOKUP(B9,'NG-03_コード'!$A:$B,2,FALSE)
A10: 9 | B10: 1 | C10: =VLOOKUP(B10,'NG-03_コード'!$A:$B,2,FALSE)
A11: 10 | B11: 4 | C11: =VLOOKUP(B11,'NG-03_コード'!$A:$B,2,FALSE)
A12: 11 | B12: 2 | C12: =VLOOKUP(B12,'NG-03_コード'!$A:$B,2,FALSE)
A13: 12 | B13: 3 | C13: =VLOOKUP(B13,'NG-03_コード'!$A:$B,2,FALSE)
... A16: 15 | B16: 3 | C16: =VLOOKUP(B16,'NG-03_コード'!$A:$B,2,FALSE)

Sheet NG-03_コード
A1: コード | B1: 設問1回答
A2: 1 | B2: 取組済
A3: 2 | B3: 取組予定
A4: 3 | B4: 未定
A5: 4 | B5: その他
